{
    "rajaongkir": {
        "query": {
            "origin": "501",
            "destination": "115",
            "weight": 1700,
            "courier": "jne"
        },
        "status": {
            "code": 200,
            "description": "OK"
        },
        "origin_details": {
            "city_id": "501",
            "province_id": "5",
            "province": "DI Yogyakarta",
            "type": "Kota",
            "city_name": "Yogyakarta",
            "postal_code": "55111"
        },
        "destination_details": {
            "city_id": "115",
            "province_id": "9",
            "province": "Jawa Barat",
            "type": "Kota",
            "city_name": "Depok",
            "postal_code": "16416"
        },
        "results": [
            {
                "code": "jne",
                "name": "Jalur Nugraha Ekakurir (JNE)",
                "costs": [
                    {
                        "service": "OKE",
                        "description": "Ongkos Kirim Ekonomis",
                        "cost": [
                            {
                                "value": 32000,
                                "etd": "4-5",
                                "note": ""
                            }
                        ]
                    },
                    {
                        "service": "REG",
                        "description": "Layanan Reguler",
                        "cost": [
                            {
                                "value": 36000,
                                "etd": "2-3",
                                "note": ""
                            }
                        ]
                    },
                    {
                        "service": "YES",
                        "description": "Yakin Esok Sampai",
                        "cost": [
                            {
                                "value": 82000,
                                "etd": "1-1",
                                "note": ""
                            }
                        ]
                    }
                ]
            }
        ]
    }
}